{
    "items": {
        "108ec1916afb058f89c99d78b5ca5128": {
            "callback": "/resources/lib/channels/fr/6play/list_program_categories/",
            "label": "Le meilleur p\u00e2tissier - les professionnels",
            "art": {
                "thumb": "https://images.6play.fr/v1/images/3743258/raw",
                "poster": "",
                "banner": "",
                "fanart": "https://images.6play.fr/v1/images/3743258/raw",
                "clearart": "",
                "clearlogo": "",
                "landscape": "https://images.6play.fr/v1/images/3743258/raw",
                "icon": "DefaultFolder.png"
            },
            "info": {
                "plot": "Comment nos p\u00e2tissiers professionnels parviendront \u00e0 mettre la France \u00e0 l'honneur \u00e0 travers leurs cr\u00e9ations sucr\u00e9es ? Entre g\u00e2teaux gourmands et \u00e9quilibr\u00e9s et d\u00e9cors spectaculaires et visuellement parfait, le d\u00e9fi est de taille... Au terme de ces deux \u00e9preuves, un bin\u00f4me sera \u00e9lu \u00ab macaron d'or \u00bb de la semaine et un bin\u00f4me quittera le concours.\r\n\u00c0 vos marques, pr\u00eats, p\u00e2tissez !",
                "title": "Le meilleur p\u00e2tissier - les professionnels"
            },
            "stream": {
                "video_codec": "",
                "aspect": "",
                "audio_codec": "",
                "audio_language": "",
                "subtitle_language": ""
            },
            "context": [],
            "properties": {},
            "params": {
                "_title_": "Le meilleur p\u00e2tissier - les professionnels",
                "item_id": "m6",
                "program_id": "6762",
                "is_playable": false,
                "is_folder": true,
                "order": 0
            },
            "subtitles": []
        },
        "2576fe93d71aff7ee53400f15faaec49": {
            "callback": "/resources/lib/channels/fr/6play/list_program_categories/",
            "label": "Le meilleur p\u00e2tissier",
            "art": {
                "thumb": "https://images.6play.fr/v1/images/3744321/raw",
                "poster": "",
                "banner": "",
                "fanart": "https://images.6play.fr/v1/images/3744321/raw",
                "clearart": "",
                "clearlogo": "",
                "landscape": "https://images.6play.fr/v1/images/3744321/raw",
                "icon": "DefaultFolder.png"
            },
            "info": {
                "plot": "Chaque semaine, un duel exceptionnel opposant des bin\u00f4mes de p\u00e2tissiers, pr\u00eats \u00e0 tout pour la victoire, prendra place sous le tente du \u00ab Meilleur P\u00e2tissier Professionnel \u00bb. D'un c\u00f4t\u00e9 les bin\u00f4mes de professionnels, qui s'illustrent chaque semaine dans le concours. Face \u00e0 eux, la cr\u00e8me de la cr\u00e8me du Meilleur P\u00e2tissier amateur. Ces derniers auront quand m\u00eame un avantage : celui de choisir le th\u00e8me de l'\u00e9preuve.",
                "title": "Le meilleur p\u00e2tissier"
            },
            "stream": {
                "video_codec": "",
                "aspect": "",
                "audio_codec": "",
                "audio_language": "",
                "subtitle_language": ""
            },
            "context": [],
            "properties": {},
            "params": {
                "_title_": "Le meilleur p\u00e2tissier",
                "item_id": "m6",
                "program_id": "19924",
                "is_playable": false,
                "is_folder": true,
                "order": 1
            },
            "subtitles": []
        },
        "5e6eb32331743ac93d69e0ec69eb9e8d": {
            "callback": "/resources/lib/channels/fr/6play/list_program_categories/",
            "label": "Top chef",
            "art": {
                "thumb": "https://images.6play.fr/v1/images/3639313/raw",
                "poster": "",
                "banner": "",
                "fanart": "https://images.6play.fr/v1/images/3639313/raw",
                "clearart": "",
                "clearlogo": "",
                "landscape": "https://images.6play.fr/v1/images/3639313/raw",
                "icon": "DefaultFolder.png"
            },
            "info": {
                "plot": "Pour cette 13\u00e8me saison, une nouvelle \u00e8re s\u2019ouvre dans l\u2019histoire du concours : une seule limite pour les candidats cette ann\u00e9e, leur imagination. Les 15 candidats vont relever des d\u00e9fis in\u00e9dits gr\u00e2ce \u00e0 leur capacit\u00e9 \u00e0 inventer des plats toujours plus surprenants. Les chefs les plus cr\u00e9atifs du monde viendront partager leur univers et challenger les candidats sur le th\u00e8me qui a fait leur renomm\u00e9e. Un nouveau jur\u00e9 fait son entr\u00e9e dans le concours, Glenn Viel rejoint le prestigieux jury d\u00e9j\u00e0 compos\u00e9 de H\u00e9l\u00e8ne Darroze, Philippe Etchebest et Paul Pairet.",
                "title": "Top chef"
            },
            "stream": {
                "video_codec": "",
                "aspect": "",
                "audio_codec": "",
                "audio_language": "",
                "subtitle_language": ""
            },
            "context": [],
            "properties": {},
            "params": {
                "_title_": "Top chef",
                "item_id": "m6",
                "program_id": "872",
                "is_playable": false,
                "is_folder": true,
                "order": 2
            },
            "subtitles": []
        },
        "391c1ac5356e01197a2203c1b7b91db9": {
            "callback": "/resources/lib/channels/fr/6play/list_program_categories/",
            "label": "Maison \u00e0 vendre",
            "art": {
                "thumb": "https://images.6play.fr/v1/images/3666215/raw",
                "poster": "",
                "banner": "",
                "fanart": "https://images.6play.fr/v1/images/3666215/raw",
                "clearart": "",
                "clearlogo": "",
                "landscape": "https://images.6play.fr/v1/images/3666215/raw",
                "icon": "DefaultFolder.png"
            },
            "info": {
                "plot": "Dans \"Maison \u00e0 vendre\", St\u00e9phane Plaza et son \u00e9quipe vont vous aider \u00e0 mettre en valeur votre bien. Gr\u00e2ce \u00e0 des am\u00e9liorations peu co\u00fbteuses et les pr\u00e9cieux conseils d\u2019un professionnel de l\u2019immobilier, vous mettrez toutes les chances de votre c\u00f4t\u00e9 pour vendre votre maison plus rapidement.",
                "title": "Maison \u00e0 vendre"
            },
            "stream": {
                "video_codec": "",
                "aspect": "",
                "audio_codec": "",
                "audio_language": "",
                "subtitle_language": ""
            },
            "context": [],
            "properties": {},
            "params": {
                "_title_": "Maison \u00e0 vendre",
                "item_id": "m6",
                "program_id": "874",
                "is_playable": false,
                "is_folder": true,
                "order": 3
            },
            "subtitles": []
        },
        "2d617484badc63435bd467c38b5d43c3": {
            "callback": "/resources/lib/channels/fr/6play/list_program_categories/",
            "label": "La France a un incroyable talent",
            "art": {
                "thumb": "https://images.6play.fr/v1/images/3535469/raw",
                "poster": "",
                "banner": "",
                "fanart": "https://images.6play.fr/v1/images/3535469/raw",
                "clearart": "",
                "clearlogo": "",
                "landscape": "https://images.6play.fr/v1/images/3535469/raw",
                "icon": "DefaultFolder.png"
            },
            "info": {
                "plot": "La France a un incroyable talent est de retour pour une 16\u00e8me saison avec le meilleur des talents de toute la France et d\u2019ailleurs ! Le \u00ab talent show \u00bb le plus fou du PAF a r\u00e9uni un doux condens\u00e9 de diversit\u00e9, folie, surprises et trouvailles. Des disciplines jamais vues sur sc\u00e8ne, des prouesses physiques \u00e0 la limite de l\u2019impossible, des moments de gr\u00e2ce, d\u2019\u00e9motion ou d\u2019absurdit\u00e9 comme seule l\u2019\u00e9mission en a le secret mais aussi de belles r\u00e9v\u00e9lations qui devraient une fois de plus bouleverser bien des carri\u00e8res.",
                "title": "La France a un incroyable talent"
            },
            "stream": {
                "video_codec": "",
                "aspect": "",
                "audio_codec": "",
                "audio_language": "",
                "subtitle_language": ""
            },
            "context": [],
            "properties": {},
            "params": {
                "_title_": "La France a un incroyable talent",
                "item_id": "m6",
                "program_id": "900",
                "is_playable": false,
                "is_folder": true,
                "order": 4
            },
            "subtitles": []
        },
        "47556740c664cab52c122b7c718973ea": {
            "callback": "/resources/lib/channels/fr/6play/list_program_categories/",
            "label": "Tous en cuisine, en direct avec Cyril Lignac",
            "art": {
                "thumb": "https://images.6play.fr/v1/images/3608095/raw",
                "poster": "",
                "banner": "",
                "fanart": "https://images.6play.fr/v1/images/3608095/raw",
                "clearart": "",
                "clearlogo": "",
                "landscape": "https://images.6play.fr/v1/images/3608095/raw",
                "icon": "DefaultFolder.png"
            },
            "info": {
                "plot": "Tous les jours, Cyril Lignac cuisine en direct de chez lui, 2 recettes (entr\u00e9e/plat ou plat/dessert)  simples et efficace que tout le monde pourra faire en temps r\u00e9el avec lui. J\u00e9r\u00f4me Anthony, sera monsieur tout le monde et fera la recette en parall\u00e8le, d'autres personnalit\u00e9s pourront \u00eatre amen\u00e9es \u00e0 cuisiner avec eux au fil des jours.",
                "title": "Tous en cuisine, en direct avec Cyril Lignac"
            },
            "stream": {
                "video_codec": "",
                "aspect": "",
                "audio_codec": "",
                "audio_language": "",
                "subtitle_language": ""
            },
            "context": [],
            "properties": {},
            "params": {
                "_title_": "Tous en cuisine, en direct avec Cyril Lignac",
                "item_id": "m6",
                "program_id": "16703",
                "is_playable": false,
                "is_folder": true,
                "order": 5
            },
            "subtitles": []
        },
        "03005bce66c69ccd4ed5c16d800b8a2a": {
            "callback": "/resources/lib/channels/fr/6play/list_program_categories/",
            "label": "P\u00e9kin Express",
            "art": {
                "thumb": "https://images.6play.fr/v1/images/3757097/raw",
                "poster": "",
                "banner": "",
                "fanart": "https://images.6play.fr/v1/images/3757097/raw",
                "clearart": "",
                "clearlogo": "",
                "landscape": "https://images.6play.fr/v1/images/3757097/raw",
                "icon": "DefaultFolder.png"
            },
            "info": {
                "plot": "Ils/elles sont influenceurs, sportifs, journalistes, Miss France, animateurs, comiques\u2026 et ont d\u00e9cid\u00e9 d\u2019inviter un de leurs proches pour vivre une aventure qui renforcera leur lien et les marquera \u00e0 jamais ! 6 duos de choc vont participer \u00e0 une \u00e9dition exceptionnelle de P\u00e9kin Express \u00e0 travers le Sri Lanka et au profit d\u2019associations humanitaires. Des personnalit\u00e9s vont faire \u00e9quipe avec un proche qu\u2019elles ont choisi d\u2019emmener dans l\u2019aventure de leur vie, loin de la France et de leur quotidien.",
                "title": "P\u00e9kin Express"
            },
            "stream": {
                "video_codec": "",
                "aspect": "",
                "audio_codec": "",
                "audio_language": "",
                "subtitle_language": ""
            },
            "context": [],
            "properties": {},
            "params": {
                "_title_": "P\u00e9kin Express",
                "item_id": "m6",
                "program_id": "945",
                "is_playable": false,
                "is_folder": true,
                "order": 2
            },
            "subtitles": []
        }
    },
    "format_version": 1
}