<shortcuts>
	<shortcut>
		<defaultID />
		<label>Dossiers (tri divers)</label>
		<label2>Extensions Vidéo</label2>
		<icon>DefaultShortcut.png</icon>
		<thumb>image://special%3a%2f%2fhome%2faddons%2fplugin.video.sendtokodiU2P%2fresources%2fpng%2fgroupe.png/</thumb>
		<action>ActivateWindow(Videos,"plugin://plugin.video.sendtokodiU2P/?action=MenuFilm&amp;groupe=Dossier",return)</action>
		</shortcut>
	<shortcut>
		<defaultID />
		<label>Listes en tous genres</label>
		<label2>Extensions Vidéo</label2>
		<icon>DefaultShortcut.png</icon>
		<thumb>image://special%3a%2f%2fhome%2faddons%2fplugin.video.sendtokodiU2P%2fresources%2fpng%2fgroupe.png/</thumb>
		<action>ActivateWindow(Videos,"plugin://plugin.video.sendtokodiU2P/?action=MenuFilm&amp;groupe=Listes+en+tous+genres",return)</action>
		</shortcut>
	<shortcut>
		<defaultID />
		<label>Super Heros</label>
		<label2>Extensions Vidéo</label2>
		<icon>DefaultShortcut.png</icon>
		<thumb>image://special%3a%2f%2fhome%2faddons%2fplugin.video.sendtokodiU2P%2fresources%2fpng%2fgroupe.png/</thumb>
		<action>ActivateWindow(Videos,"plugin://plugin.video.sendtokodiU2P/?action=MenuFilm&amp;groupe=Super+Heros",return)</action>
		</shortcut>
	<shortcut>
		<defaultID />
		<label>Classements PassionFlix</label>
		<label2>Extensions Vidéo</label2>
		<icon>DefaultShortcut.png</icon>
		<thumb>special://skin/extras/icons/film.png</thumb>
		<action>ActivateWindow(Videos,"plugin://plugin.video.sendtokodiU2P/?action=MenuFilm&amp;groupe=Classements+PassionFlix",return)</action>
		</shortcut>
	<shortcut>
		<defaultID />
		<label>Films en vogue (selon Trakt)</label>
		<label2>Extensions Vidéo</label2>
		<icon>DefaultShortcut.png</icon>
		<thumb>image://special%3a%2f%2fhome%2faddons%2fplugin.video.sendtokodiU2P%2fresources%2fpng%2fgroupe.png/</thumb>
		<action>ActivateWindow(Videos,"plugin://plugin.video.sendtokodiU2P/?action=MenuFilm&amp;groupe=FILMS+EN+VOGUE+%28Selon+Trakt%29",return)</action>
		</shortcut>
	<shortcut>
		<defaultID />
		<label>Top 50 Box Office 2021</label>
		<label2>Extensions Vidéo</label2>
		<icon>DefaultShortcut.png</icon>
		<thumb>special://skin/extras/icons/film.png</thumb>
		<action>ActivateWindow(Videos,"plugin://plugin.video.sendtokodiU2P/?action=MenuFilm&amp;groupe=TOP+50+-+BOX+OFFICE",return)</action>
		</shortcut>
	<shortcut>
		<defaultID />
		<label>Saint Valentin</label>
		<label2>Extensions Vidéo</label2>
		<icon>DefaultShortcut.png</icon>
		<thumb>image://special%3a%2f%2fhome%2faddons%2fplugin.video.sendtokodiU2P%2fresources%2fpng%2fgroupe.png/</thumb>
		<action>ActivateWindow(Videos,"plugin://plugin.video.sendtokodiU2P/?action=MenuFilm&amp;groupe=Saint+Valentin",return)</action>
		</shortcut>
	<shortcut>
		<defaultID />
		<label>Selection de Ray</label>
		<label2>Extensions Vidéo</label2>
		<icon>DefaultShortcut.png</icon>
		<thumb>image://special%3a%2f%2fhome%2faddons%2fplugin.video.sendtokodiU2P%2fresources%2fpng%2fgroupe.png/</thumb>
		<action>ActivateWindow(Videos,"plugin://plugin.video.sendtokodiU2P/?action=MenuFilm&amp;groupe=Selection+de+Ray",return)</action>
		</shortcut>
	<shortcut>
		<defaultID />
		<label>Spécial horreur</label>
		<label2>Extensions Vidéo</label2>
		<icon>DefaultShortcut.png</icon>
		<thumb>image://special%3a%2f%2fhome%2faddons%2fplugin.video.sendtokodiU2P%2fresources%2fpng%2fgroupe.png/</thumb>
		<action>ActivateWindow(Videos,"plugin://plugin.video.sendtokodiU2P/?action=MenuFilm&amp;groupe=Sp%C3%A9cial+horreur",return)</action>
		</shortcut>
	<shortcut>
		<defaultID />
		<label>Spéciale Aldo Maccione</label>
		<label2>Extensions Vidéo</label2>
		<icon>DefaultShortcut.png</icon>
		<thumb>image://special%3a%2f%2fhome%2faddons%2fplugin.video.sendtokodiU2P%2fresources%2fpng%2fgroupe.png/</thumb>
		<action>ActivateWindow(Videos,"plugin://plugin.video.sendtokodiU2P/?action=MenuFilm&amp;groupe=Sp%C3%A9ciale+Aldo+Maccione",return)</action>
		</shortcut>
	<shortcut>
		<defaultID />
		<label>Spéciale Leslie Nielsen</label>
		<label2>Extensions Vidéo</label2>
		<icon>DefaultShortcut.png</icon>
		<thumb>image://special%3a%2f%2fhome%2faddons%2fplugin.video.sendtokodiU2P%2fresources%2fpng%2fgroupe.png/</thumb>
		<action>ActivateWindow(Videos,"plugin://plugin.video.sendtokodiU2P/?action=MenuFilm&amp;groupe=Sp%C3%A9ciale+Leslie+Nielsen",return)</action>
		</shortcut>
	<shortcut>
		<defaultID />
		<label>Hommage Gérard Filipelli</label>
		<label2>Extensions Vidéo</label2>
		<icon>DefaultShortcut.png</icon>
		<thumb>image://special%3a%2f%2fhome%2faddons%2fplugin.video.sendtokodiU2P%2fresources%2fpng%2fgroupe.png/</thumb>
		<action>ActivateWindow(Videos,"plugin://plugin.video.sendtokodiU2P/?action=MenuFilm&amp;groupe=Hommage+G%C3%A9rard+Filipelli",return)</action>
		</shortcut>
	<shortcut>
		<defaultID />
		<label>Bollywood</label>
		<label2>Extensions Vidéo</label2>
		<icon>DefaultShortcut.png</icon>
		<thumb>image://special%3a%2f%2fhome%2faddons%2fplugin.video.sendtokodiU2P%2fresources%2fpng%2fgroupe.png/</thumb>
		<action>ActivateWindow(Videos,"plugin://plugin.video.sendtokodiU2P/?action=MenuFilm&amp;groupe=Bollywood",return)</action>
		</shortcut>
	<shortcut>
		<defaultID />
		<label>Québec</label>
		<label2>Extensions Vidéo</label2>
		<icon>DefaultShortcut.png</icon>
		<thumb>image://special%3a%2f%2fhome%2faddons%2fplugin.video.sendtokodiU2P%2fresources%2fpng%2fgroupe.png/</thumb>
		<action>ActivateWindow(Videos,"plugin://plugin.video.sendtokodiU2P/?action=MenuFilm&amp;groupe=Qu%C3%A9bec",return)</action>
		</shortcut>
	<shortcut>
		<defaultID />
		<label>Collection</label>
		<label2>Extensions Vidéo</label2>
		<icon>DefaultShortcut.png</icon>
		<thumb>special://skin/extras/icons/film.png</thumb>
		<action>ActivateWindow(Videos,"plugin://plugin.video.sendtokodiU2P/?action=MenuFilm&amp;groupe=Collection",return)</action>
		</shortcut>
	<shortcut>
		<defaultID />
		<label>Made in France</label>
		<label2>Extensions Vidéo</label2>
		<icon>DefaultShortcut.png</icon>
		<thumb>special://skin/extras/icons/film.png</thumb>
		<action>ActivateWindow(Videos,"plugin://plugin.video.sendtokodiU2P/?action=MenuFilm&amp;groupe=Made+in+France",return)</action>
		</shortcut>
	<shortcut>
		<defaultID />
		<label>Cacaille</label>
		<label2>Extensions Vidéo</label2>
		<icon>DefaultShortcut.png</icon>
		<thumb>special://skin/extras/icons/film.png</thumb>
		<action>ActivateWindow(Videos,"plugin://plugin.video.sendtokodiU2P/?action=MenuFilm&amp;groupe=Cacaille",return)</action>
		</shortcut>
	<shortcut>
		<defaultID />
		<label>Films avant 1960</label>
		<label2>Extensions Vidéo</label2>
		<icon>DefaultShortcut.png</icon>
		<thumb>special://skin/extras/icons/film.png</thumb>
		<action>ActivateWindow(Videos,"plugin://plugin.video.sendtokodiU2P/?action=MenuFilm&amp;famille=%23Films+avant+1960",return)</action>
		</shortcut>
	<shortcut>
		<defaultID />
		<label>Films Cultes</label>
		<label2>Extensions Vidéo</label2>
		<icon>DefaultShortcut.png</icon>
		<thumb>special://skin/extras/icons/film.png</thumb>
		<action>ActivateWindow(Videos,"plugin://plugin.video.sendtokodiU2P/?action=MenuFilm&amp;groupe=Films+Cultes",return)</action>
		</shortcut>
	<shortcut>
		<defaultID />
		<label>Films de Noel</label>
		<label2>Extensions Vidéo</label2>
		<icon>DefaultShortcut.png</icon>
		<thumb>special://skin/extras/icons/film.png</thumb>
		<action>ActivateWindow(Videos,"plugin://plugin.video.sendtokodiU2P/?action=MenuFilm&amp;groupe=Films+de+Noel",return)</action>
		</shortcut>
	<shortcut>
		<defaultID />
		<label>Films pour enfants</label>
		<label2>Extensions Vidéo</label2>
		<icon>DefaultShortcut.png</icon>
		<thumb>special://skin/extras/icons/film.png</thumb>
		<action>ActivateWindow(Videos,"plugin://plugin.video.sendtokodiU2P/?action=MenuFilm&amp;groupe=Films+pour+enfants",return)</action>
		</shortcut>
	<shortcut>
		<defaultID />
		<label>Asian VostFr</label>
		<label2>Extensions Vidéo</label2>
		<icon>DefaultShortcut.png</icon>
		<thumb>special://skin/extras/icons/film.png</thumb>
		<action>ActivateWindow(Videos,"plugin://plugin.video.sendtokodiU2P/?action=MenuFilm&amp;groupe=Asian+VostFr",return)</action>
		</shortcut>
	</shortcuts>
