{
    "access_manager": {
        "current_user": "0",
        "developers": {},
        "last_origin": "plugin.video.youtube",
        "users": {
            "0": {
                "access_token": "ya29.A0ARrdaM_k312J-fNDeXjy8n6581DNd6hn_ZtkJEA4AZaVhGc_ctKftcEaj6slSSy8qSiKTvqHGa5l-9B4CN2bhkGBWTC8PG_WdyKkCisNIuntdzroXHKCQEL5E4B8X9YCKbt6-d4WUTn1FpDnbSrFNR8bRaUJlf8FMOKeuV9lfJg_|ya29.A0ARrdaM-IgMTQTbvC3DJoSXQKdCzTp6SNWFWGscnOFeSS8hXKASHLN_nK_7W336mSts1eVJ0zAvUni2877T0Dy9705Ue-HgFUy4naNglDveue8SGZuPG0BC3rUeTcTJtE4qlnrSmLB8X7mvpGMZPKAPqoioSSt3g",
                "id": "c8043fe1781743bd949d00627a3cbd0a",
                "last_key_hash": "b87836441c5c4f295bc8638c0479a43c",
                "name": "Default",
                "refresh_token": "1//09_soRixlcuLiCgYIARAAGAkSNwF-L9IrejzkBD_8EYjA0D6zU9SWEZ4Ns6Y_iaWxVWUXcr6IRbJtfsRmhuUr2LTHQD8xR0_GXqI|1//09YA-AYxW49ROCgYIARAAGAkSNwF-L9Irg9SNn-kh9vPFJTxXmOEzhPj7yNLcpLjYc63CzS2ANNDMuAcdAPRmPuqo1miZw7VjRKo",
                "token_expires": 1647554917,
                "watch_history": "HL",
                "watch_later": ""
            }
        }
    }
}