<shortcuts>
	<shortcut>
		<defaultID />
		<label>Films Favoris [COLOR yellow]U2pP[/COLOR]</label>
		<label2>Extensions Vidéo</label2>
		<icon>DefaultShortcut.png</icon>
		<thumb>image://special%3a%2f%2fhome%2faddons%2fplugin.video.sendtokodiU2P%2fresources%2fpng%2fliste.png/</thumb>
		<action>ActivateWindow(Videos,"plugin://plugin.video.sendtokodiU2P/?action=MenuFilm&amp;famille=Fav%27S+HK",return)</action>
		</shortcut>
	<shortcut>
		<defaultID />
		<label>Films en Cours [COLOR yellow]U2pP[/COLOR]</label>
		<label2>Extensions Vidéo</label2>
		<icon>DefaultShortcut.png</icon>
		<thumb>image://special%3a%2f%2fhome%2faddons%2fplugin.video.sendtokodiU2P%2fresources%2fpng%2fLast%20View.png/</thumb>
		<action>ActivateWindow(Videos,"plugin://plugin.video.sendtokodiU2P/?action=MenuFilm&amp;famille=Last+View",return)</action>
		</shortcut>
	<shortcut>
		<defaultID />
		<label>Séries Favorites [COLOR yellow]U2pP[/COLOR]</label>
		<label2>Extensions Vidéo</label2>
		<icon>DefaultShortcut.png</icon>
		<thumb>image://special%3a%2f%2fhome%2faddons%2fplugin.video.sendtokodiU2P%2fresources%2fpng%2fliste.png/</thumb>
		<action>ActivateWindow(Videos,"plugin://plugin.video.sendtokodiU2P/?action=MenuSerie&amp;famille=Fav%27S+HK",return)</action>
		</shortcut>
	<shortcut>
		<defaultID />
		<label>Séries en Cours [COLOR yellow]U2pP[/COLOR]</label>
		<label2>Extensions Vidéo</label2>
		<icon>DefaultShortcut.png</icon>
		<thumb>image://special%3a%2f%2fhome%2faddons%2fplugin.video.sendtokodiU2P%2fresources%2fpng%2fLast%20View.png/</thumb>
		<action>ActivateWindow(Videos,"plugin://plugin.video.sendtokodiU2P/?action=MenuSerie&amp;famille=Last+View",return)</action>
		</shortcut>
	<shortcut>
		<defaultID />
		<label>Films Favoris [COLOR lightcoral]PasteBin[/COLOR]</label>
		<label2>Extensions Vidéo</label2>
		<icon>DefaultShortcut.png</icon>
		<thumb>image://special%3a%2f%2fhome%2faddons%2fplugin.video.vstream%2fresources%2fart%2fmark.png/</thumb>
		<action>ActivateWindow(Videos,"plugin://plugin.video.vstream/?site=cFav&amp;function=getFav&amp;title=Films+&amp;sCat=1&amp;sFav=getFav",return)</action>
		</shortcut>
	<shortcut>
		<defaultID />
		<label>Séries/Animés Fav. [COLOR lightcoral]PasteB.[/COLOR]</label>
		<label2>Extensions Vidéo</label2>
		<icon>DefaultShortcut.png</icon>
		<thumb>image://special%3a%2f%2fhome%2faddons%2fplugin.video.vstream%2fresources%2fart%2fmark.png/</thumb>
		<action>ActivateWindow(Videos,"plugin://plugin.video.vstream/?site=cFav&amp;function=getFav&amp;title=S%C3%A9ries%2FAnim%C3%A9s+&amp;sCat=2&amp;sFav=getFav",return)</action>
		</shortcut>
	<shortcut>
		<defaultID />
		<label>En cours de visionnage [COLOR lightcoral]PasteB.[/COLOR]</label>
		<label2>Extensions Vidéo</label2>
		<icon>DefaultShortcut.png</icon>
		<thumb>image://special%3a%2f%2fhome%2faddons%2fplugin.video.vstream%2fresources%2fart%2freplay.png/</thumb>
		<action>ActivateWindow(Videos,"plugin://plugin.video.vstream/?site=cViewing&amp;function=getViewing&amp;title=En+cours+de+visionnage&amp;siteUrl=http%3A%2F%2Fvenom&amp;sFav=getViewing",return)</action>
		</shortcut>
	</shortcuts>
