<shortcuts>
	<shortcut>
		<defaultID />
		<label>Il est frais mon poisson ....</label>
		<label2>Extensions Vidéo</label2>
		<icon>DefaultShortcut.png</icon>
		<thumb>special://skin/extras/icons/flammable.png</thumb>
		<action>ActivateWindow(Videos,"plugin://plugin.video.sendtokodiU2P/?action=affNewsUpto&amp;offset=0",return)</action>
		</shortcut>
	<shortcut>
		<defaultID />
		<label>Mon Historique</label>
		<label2>Extensions Vidéo</label2>
		<icon>DefaultShortcut.png</icon>
		<thumb>special://skin/extras/icons/Last View.png</thumb>
		<action>ActivateWindow(Videos,"plugin://plugin.video.sendtokodiU2P/?action=histoupto",return)</action>
		</shortcut>
	<shortcut>
		<defaultID />
		<label>News</label>
		<label2>Extensions Vidéo</label2>
		<icon>DefaultShortcut.png</icon>
		<thumb>special://skin/extras/icons/Last In.png</thumb>
		<action>ActivateWindow(Videos,"plugin://plugin.video.sendtokodiU2P/?action=newUpto&amp;offset=0",return)</action>
		</shortcut>
	</shortcuts>
