<shortcuts>
	<shortcut>
		<defaultID />
		<label>Films Récents</label>
		<label2>Extensions Vidéo</label2>
		<icon>DefaultShortcut.png</icon>
		<thumb>image://special%3a%2f%2fhome%2faddons%2fplugin.video.vstream%2fresources%2fart%2fgenres.png/</thumb>
		<action>ActivateWindow(Videos,"plugin://plugin.video.vstream/?site=pastebin&amp;function=showMovies&amp;title=DA+News&amp;siteUrl=https%3A%2F%2Fpastebin.com%2Fraw%2F%26numPage%3D1%26sMedia%3Dfilm%26sGroupe%3DDA+News&amp;sFav=showMovies",return)</action>
		</shortcut>
	<shortcut>
		<defaultID />
		<label>Séries [COLOR lightcoral](Derniers Ajouts)[/COLOR]</label>
		<label2>Extensions Vidéo</label2>
		<icon>DefaultShortcut.png</icon>
		<thumb>image://special%3a%2f%2fhome%2faddons%2fplugin.video.vstream%2fresources%2fart%2fnews.png/</thumb>
		<action>ActivateWindow(Videos,"plugin://plugin.video.vstream/?site=pastebin&amp;function=showMovies&amp;title=S%C3%A9ries+&amp;siteUrl=https%3A%2F%2Fpastebin.com%2Fraw%2F%26numPage%3D1%26sMedia%3Dserie%26bNews%3DTrue%26pasteID%3D17&amp;sFav=showMovies",return)</action>
		</shortcut>
	<shortcut>
		<defaultID />
		<label>Films pour enfants</label>
		<label2>Extensions Vidéo</label2>
		<icon>DefaultShortcut.png</icon>
		<thumb>image://special%3a%2f%2fhome%2faddons%2fplugin.video.vstream%2fresources%2fart%2fgenres.png/</thumb>
		<action>ActivateWindow(Videos,"plugin://plugin.video.vstream/?site=pastebin&amp;function=showMovies&amp;title=Films+pour+enfants&amp;siteUrl=https%3A%2F%2Fpastebin.com%2Fraw%2F%26numPage%3D1%26sMedia%3Dfilm%26pasteID%3D17%26sGroupe%3DFilms+pour+enfants&amp;sFav=showMovies",return)</action>
		</shortcut>
	<shortcut>
		<defaultID />
		<label>Films Famille</label>
		<label2>Extensions Vidéo</label2>
		<icon>DefaultShortcut.png</icon>
		<thumb>image://special%3a%2f%2fhome%2faddons%2fplugin.video.vstream%2fresources%2fart%2fgenres.png/</thumb>
		<action>ActivateWindow(Videos,"plugin://plugin.video.vstream/?site=pastebin&amp;function=showTMDB&amp;title=Familial&amp;siteUrl=genre%2F10751%2Fmovies&amp;sFav=showTMDB",return)</action>
		</shortcut>
	</shortcuts>
