<shortcuts>
	<shortcut>
		<defaultID>encours</defaultID>
		<label>En cours</label>
		<label2 />
		<icon>special://skin/extras/icons/folder.png</icon>
		<thumb />
		<action>ActivateWindow(Videos,library://video/tvshows/inprogressshows.xml/,return)</action>
		</shortcut>
	<shortcut>
		<defaultID>31221</defaultID>
		<label>$SKIN[31221|skin.cosmic|None]</label>
		<label2 />
		<icon>special://skin/extras/icons/recent.png</icon>
		<thumb />
		<action>special://skin/playlists/recent_tvshows.xsp</action>
		</shortcut>
	</shortcuts>
