<shortcuts>
	<shortcut>
		<defaultID>31222</defaultID>
		<label>Series en cours</label>
		<label2>Elément personnalisé</label2>
		<icon>special://skin/extras/icons/timer.png</icon>
		<thumb />
		<action>library://video/tvshows/inprogressshows.xml</action>
		</shortcut>
	<shortcut>
		<defaultID>31220</defaultID>
		<label>Derniers Ajouts</label>
		<label2>Elément personnalisé</label2>
		<icon>special://skin/extras/icons/recentlyadded.png</icon>
		<thumb />
		<action>C:\Users\pinto\AppData\Roaming\Kodi\addons\skin.cosmic\playlists\new_tvshows.xsp</action>
		</shortcut>
	</shortcuts>
