{
    "access_manager": {
        "current_user": "0",
        "developers": {},
        "last_origin": "plugin.video.youtube",
        "users": {
            "0": {
                "access_token": "ya29.A0ARrdaM8m7SIdFHJF_HVW7OKzvDNcTFY8pZrhDM682D2tzW8fHV3uw_hU1E5vrjmctblfNP4L8kN4Wv5iXxMzt2_xqEAvrkL1xbEOuPUTm-2JKF9VHjcx3cfPA5krGB-05qMEGXgh_2zYjo9OJ3_2PAfixHWtTj9d-ppLvvfz2AO1|ya29.A0ARrdaM-FF63d9t4Z4Fyy0OKuMaTVTtFwnEPcAFheNk7LleEjdjXARXmKD0_vdrhKEsJKVuWejAvaIMb9KsZsUNNB6XLjhVb1i8x7ew-TJpF7m9HhwoLU_oJT4313AoX8TtPEnZo8PuuS346F6aKYkw-rEFfd7h8",
                "id": "c8043fe1781743bd949d00627a3cbd0a",
                "last_key_hash": "b87836441c5c4f295bc8638c0479a43c",
                "name": "Default",
                "refresh_token": "1//09_soRixlcuLiCgYIARAAGAkSNwF-L9IrejzkBD_8EYjA0D6zU9SWEZ4Ns6Y_iaWxVWUXcr6IRbJtfsRmhuUr2LTHQD8xR0_GXqI|1//09YA-AYxW49ROCgYIARAAGAkSNwF-L9Irg9SNn-kh9vPFJTxXmOEzhPj7yNLcpLjYc63CzS2ANNDMuAcdAPRmPuqo1miZw7VjRKo",
                "token_expires": 1647195493,
                "watch_history": "HL",
                "watch_later": ""
            }
        }
    }
}