<shortcuts>
	<shortcut>
		<defaultID />
		<label>Spectacle (tout genre)</label>
		<label2>Extensions Vidéo</label2>
		<icon>DefaultShortcut.png</icon>
		<thumb>image://special%3a%2f%2fhome%2faddons%2fplugin.video.sendtokodiU2P%2fresources%2fpng%2fgroupe.png/</thumb>
		<action>ActivateWindow(Videos,"plugin://plugin.video.sendtokodiU2P/?action=MenuFilm&amp;groupe=Spectacle",return)</action>
		</shortcut>
	<shortcut>
		<defaultID />
		<label>Concerts (tous)</label>
		<label2>Extensions Vidéo</label2>
		<icon>DefaultShortcut.png</icon>
		<thumb>special://skin/extras/icons/songs.png</thumb>
		<action>ActivateWindow(Videos,"plugin://plugin.video.sendtokodiU2P/?action=MenuFilm&amp;famille=%23Concerts",return)</action>
		</shortcut>
	<shortcut>
		<defaultID />
		<label>Concerts (autres)</label>
		<label2>Extensions Vidéo</label2>
		<icon>DefaultShortcut.png</icon>
		<thumb>special://skin/extras/icons/songs.png</thumb>
		<action>ActivateWindow(Videos,"plugin://plugin.video.sendtokodiU2P/?action=MenuFilm&amp;groupe=CONCERTS",return)</action>
		</shortcut>
	<shortcut>
		<defaultID />
		<label>Spectacles (tous)</label>
		<label2>Extensions Vidéo</label2>
		<icon>DefaultShortcut.png</icon>
		<thumb>special://skin/extras/icons/genre.png</thumb>
		<action>ActivateWindow(Videos,"plugin://plugin.video.sendtokodiU2P/?action=MenuFilm&amp;famille=%23Spectacles",return)</action>
		</shortcut>
	<shortcut>
		<defaultID />
		<label>Spectacles 2</label>
		<label2>Extensions Vidéo</label2>
		<icon>DefaultShortcut.png</icon>
		<thumb>special://skin/extras/icons/genre.png</thumb>
		<action>ActivateWindow(Videos,"plugin://plugin.video.sendtokodiU2P/?action=MenuFilm&amp;groupe=Spectacles",return)</action>
		</shortcut>
	<shortcut>
		<defaultID />
		<label>Humoristes</label>
		<label2>Extensions Vidéo</label2>
		<icon>DefaultShortcut.png</icon>
		<thumb>special://skin/extras/icons/genre.png</thumb>
		<action>ActivateWindow(Videos,"plugin://plugin.video.sendtokodiU2P/?action=MenuFilm&amp;groupe=Humoristes",return)</action>
		</shortcut>
	<shortcut>
		<defaultID />
		<label>Sports</label>
		<label2>Extensions Vidéo</label2>
		<icon>DefaultShortcut.png</icon>
		<thumb>special://skin/extras/icons/addtile.png</thumb>
		<action>ActivateWindow(Videos,"plugin://plugin.video.sendtokodiU2P/?action=MenuDivers&amp;repo=sports",return)</action>
		</shortcut>
	</shortcuts>
