<shortcuts>
	<shortcut>
		<defaultID />
		<label>VStream</label>
		<label2>Elément personnalisé</label2>
		<icon>DefaultShortcut.png</icon>
		<thumb>special://skin/extras/icons/episode.png</thumb>
		<action>ActivateWindow(Videos,"plugin://plugin.video.vstream",return)</action>
		</shortcut>
	<shortcut>
		<defaultID />
		<label>TV direct</label>
		<label2>Extensions Vidéo</label2>
		<icon>DefaultShortcut.png</icon>
		<thumb>special://skin/extras/icons/tvguide.png</thumb>
		<action>ActivateWindow(Videos,"plugin://plugin.video.vstream/?site=freebox&amp;function=showWeb&amp;title=TV+&amp;siteUrl=https%3A%2F%2Fraw.githubusercontent.com%2FKodi-vStream%2Fvenom-xbmc-addons%2FBeta%2Frepo%2Fresources%2Fwebtv2.m3u&amp;sFav=showWeb",return)</action>
		</shortcut>
	<shortcut>
		<defaultID />
		<label>TV Vstream</label>
		<label2>Extensions Vidéo</label2>
		<icon>DefaultShortcut.png</icon>
		<thumb>special://skin/extras/icons/tv.png</thumb>
		<action>ActivateWindow(Videos,"plugin://plugin.video.vstream/?site=freebox&amp;function=showIptvSite&amp;title=TV+&amp;siteUrl=%28True%2C+%27showIptvSite%27%29&amp;sFav=showIptvSite",return)</action>
		</shortcut>
	<shortcut>
		<defaultID />
		<label>UpToBox</label>
		<label2>Extensions Vidéo</label2>
		<icon>DefaultShortcut.png</icon>
		<thumb>special://skin/extras/icons/cloud.png</thumb>
		<action>ActivateWindow(Videos,"plugin://plugin.video.vstream/?site=siteuptobox&amp;function=load&amp;title=UpToBox&amp;siteUrl=http%3A%2F%2F&amp;sFav=load",return)</action>
		</shortcut>
	</shortcuts>
