<shortcuts>
	<shortcut>
		<defaultID>movies</defaultID>
		<label>Movies</label>
		<label2>Prédéfini</label2>
		<icon>special://skin/extras/icons/film.png</icon>
		<thumb />
		<action>DefaultSearch-Movies</action>
		</shortcut>
	<shortcut>
		<defaultID>tvshows</defaultID>
		<label>Tv Shows</label>
		<label2>Prédéfini</label2>
		<icon>special://skin/extras/icons/tv.png</icon>
		<thumb />
		<action>DefaultSearch-TvShows</action>
		</shortcut>
	<shortcut>
		<defaultID>youtube</defaultID>
		<label>Youtube</label>
		<label2>Prédéfini</label2>
		<icon>special://skin/extras/icons/youtube.png</icon>
		<thumb />
		<action>DefaultSearch-Youtube</action>
		</shortcut>
	</shortcuts>
