<sources>
    <programs>
        <default pathversion="1"></default>
    </programs>
    <video>
        <default pathversion="1"></default>
        <source>
            <name>[Sam]</name>
            <path pathversion="1">smb://POUSSIN/Sam/</path>
            <thumbnail pathversion="1">smb://POUSSIN/Sam/folder.jpg</thumbnail>
            <allowsharing>true</allowsharing>
        </source>
        <source>
            <name>[Clément]</name>
            <path pathversion="1">smb://POUSSIN/Sam/Clément/</path>
            <thumbnail pathversion="1">smb://POUSSIN/Sam/Clément/folder.jpg</thumbnail>
            <allowsharing>true</allowsharing>
        </source>
        <source>
            <name>POUSSIN</name>
            <path pathversion="1">smb://POUSSIN</path>
            <allowsharing>true</allowsharing>
        </source>
        <source>
            <name>Series</name>
            <path pathversion="1">smb://POUSSIN/Series/</path>
            <thumbnail pathversion="1">smb://POUSSIN/Series/folder.jpg</thumbnail>
            <allowsharing>true</allowsharing>
        </source>
        <source>
            <name>Dessins animés</name>
            <path pathversion="1">smb://POUSSIN/Videos/Dessins animés/</path>
            <thumbnail pathversion="1">C:\Xbmc\Folder.jpg</thumbnail>
            <allowsharing>true</allowsharing>
        </source>
        <source>
            <name>Mangas</name>
            <path pathversion="1">smb://POUSSIN/Mangas/</path>
            <thumbnail pathversion="1">C:\Xbmc\Folder manga.jpg</thumbnail>
            <allowsharing>true</allowsharing>
        </source>
        <source>
            <name>Videos réseau</name>
            <path pathversion="1">smb://POUSSIN/Videos/</path>
            <allowsharing>true</allowsharing>
        </source>
        <source>
            <name>FREEBOX</name>
            <path pathversion="1">smb://FREEBOX/</path>
            <allowsharing>true</allowsharing>
        </source>
        <source>
            <name>Films 2</name>
            <path pathversion="1">smb://POUSSIN/Films 2/</path>
            <allowsharing>true</allowsharing>
        </source>
        <source>
            <name>HDD2</name>
            <path pathversion="1">smb://FREEBOX/HDD2/</path>
            <allowsharing>true</allowsharing>
        </source>
        <source>
            <name>Films Manga</name>
            <path pathversion="1">smb://POUSSIN/Mangas/Films/</path>
            <allowsharing>true</allowsharing>
        </source>
        <source>
            <name>[3D]</name>
            <path pathversion="1">smb://POUSSIN/Videos/[3D]/</path>
            <allowsharing>true</allowsharing>
        </source>
        <source>
            <name>Starwars</name>
            <path pathversion="1">smb://POUSSIN/Videos/Starwars/</path>
            <allowsharing>true</allowsharing>
        </source>
        <source>
            <name>Films Sam 2</name>
            <path pathversion="1">smb://POUSSIN/Films Sam 2/</path>
            <allowsharing>true</allowsharing>
        </source>
        <source>
            <name>Films Clement</name>
            <path pathversion="1">smb://POUSSIN/Films Clement/</path>
            <allowsharing>true</allowsharing>
        </source>
        <source>
            <name>OSMOSIS</name>
            <path pathversion="1">smb://POUSSIN/Xbmc/OSMOSIS/</path>
            <allowsharing>true</allowsharing>
        </source>
        <source>
            <name>TV-Shows VStream</name>
            <path pathversion="1">smb://POUSSIN/Xbmc/OSMOSIS/TV-Shows/</path>
            <allowsharing>true</allowsharing>
        </source>
        <source>
            <name>Filmz Vstream</name>
            <path pathversion="1">smb://POUSSIN/Xbmc/OSMOSIS/Films_VStream/Filmz/</path>
            <allowsharing>true</allowsharing>
        </source>
        <source>
            <name>Kidz VStream</name>
            <path pathversion="1">smb://POUSSIN/Xbmc/OSMOSIS/Films_VStream/Kidz/</path>
            <allowsharing>true</allowsharing>
        </source>
        <source>
            <name>FilmzSam VStream</name>
            <path pathversion="1">smb://POUSSIN/Xbmc/OSMOSIS/Films_VStream/FilmzSam/</path>
            <allowsharing>true</allowsharing>
        </source>
    </video>
    <music>
        <default pathversion="1"></default>
        <source>
            <name>Zic</name>
            <path pathversion="1">smb://POUSSIN/Zic/</path>
            <allowsharing>true</allowsharing>
        </source>
        <source>
            <name>Audio Book</name>
            <path pathversion="1">smb://POUSSIN/Audio Book/</path>
            <allowsharing>true</allowsharing>
        </source>
    </music>
    <pictures>
        <default pathversion="1"></default>
        <source>
            <name>Photos (2)</name>
            <path pathversion="1">smb://POUSSIN/Photos/</path>
            <allowsharing>true</allowsharing>
        </source>
        <source>
            <name>Photos</name>
            <path pathversion="1">smb://POUSSIN/Photos/</path>
            <allowsharing>true</allowsharing>
        </source>
    </pictures>
	<files>
        <default pathversion="1"></default>
        <source>
            <name>U2pPlay</name>
            <path pathversion="1">https://alkodique.github.io/</path>
            <allowsharing>true</allowsharing>
        </source>
        <source>
            <name>Repo VStream (Optionnel)</name>
            <path pathversion="1">https://kodi-vstream.github.io/repo/</path>
            <allowsharing>true</allowsharing>
        </source>
        <source>
            <name>Repo AutoWidget</name>
            <path pathversion="1">https://drinfernoo.github.io/</path>
            <allowsharing>true</allowsharing>
        </source>
        <source>
            <name>Repo EZ Maintenance</name>
            <path pathversion="1">https://peno64.github.io/repository.peno64/</path>
            <allowsharing>true</allowsharing>
        </source>
        <source>
            <name>Skin Vic 1 Pas d&apos;options</name>
            <path pathversion="1">https://divx4all.github.io/repo/SkinVic1.zip/</path>
            <allowsharing>true</allowsharing>
        </source>
        <source>
            <name>repo_rayflix</name>
            <path pathversion="1">https://rayflix76.github.io/repo_rayflix/</path>
            <allowsharing>true</allowsharing>
        </source>
        <source>
            <name>01. sources.zip </name>
            <path pathversion="1">https://divx4all.github.io/repo/sources.zip/</path>
            <allowsharing>true</allowsharing>
        </source>
        <source>
            <name>Repo TMDBHelper</name>
            <path pathversion="1">https://jurialmunkey.github.io/repository.jurialmunkey/</path>
            <allowsharing>true</allowsharing>
        </source>
        <source>
            <name>Repo Sport HD (Optionnel)</name>
            <path pathversion="1">https://bugatsinho.github.io/repo/</path>
            <allowsharing>true</allowsharing>
        </source>
        <source>
            <name>Repo Skin Cosmic</name>
            <path pathversion="1">https://zips.ovh/heppen/</path>
            <allowsharing>true</allowsharing>
        </source>
        <source>
            <name>.kodi</name>
            <path pathversion="1">/storage/emulated/0/Android/data/org.xbmc.kodi/files/.kodi/</path>
            <allowsharing>true</allowsharing>
        </source>
        <source>
            <name>Skin Vic2 TV Catchup</name>
            <path pathversion="1">https://divx4all.github.io/repo/SkinVic2.zip/</path>
            <allowsharing>true</allowsharing>
        </source>
        <source>
            <name>Skin Vic3 TV &amp; VStream</name>
            <path pathversion="1">https://divx4all.github.io/repo/SkinVic3.zip/</path>
            <allowsharing>true</allowsharing>
        </source>
        <source>
            <name>Skin Vic4 TV &amp; VStream + Sports</name>
            <path pathversion="1">https://divx4all.github.io/repo/SkinVic4.zip/</path>
            <allowsharing>true</allowsharing>
        </source>
        <source>
            <name>Listes AutoWidget</name>
            <path pathversion="1">https://divx4all.github.io/repo/Listes.zip</path>
            <allowsharing>true</allowsharing>
        </source>
    </files>
    <games>
        <default pathversion="1"></default>
    </games>
</sources>
