<shortcuts>
	<shortcut>
		<defaultID>137</defaultID>
		<label>137</label>
		<label2>Common Shortcut</label2>
		<icon>special://skin/extras/icons/search.png</icon>
		<thumb>special://skin/extras/icons/search.png</thumb>
		<action>Skin.SetString(SearchTerm)</action>
		</shortcut>
	<shortcut>
		<defaultID>ajouterecemment</defaultID>
		<label>Ajouté récemment</label>
		<label2 />
		<icon>special://skin/extras/icons/folder.png</icon>
		<thumb>special://skin/extras/icons/announce.png</thumb>
		<action>ActivateWindow(Videos,library://video/movies/recentlyaddedmovies.xml/,return)</action>
		</shortcut>
	<shortcut>
		<defaultID />
		<label>Genres</label>
		<label2>Vidéos</label2>
		<icon>DefaultShortcut.png</icon>
		<thumb>special://skin/extras/icons/genre.png</thumb>
		<action>ActivateWindow(Videos,"library://video/movies/genres.xml/",return)</action>
		</shortcut>
	<shortcut>
		<defaultID />
		<label>Sagas</label>
		<label2>Vidéos</label2>
		<icon>DefaultShortcut.png</icon>
		<thumb>special://skin/extras/icons/network.png</thumb>
		<action>ActivateWindow(Videos,"library://video/movies/sets.xml/",return)</action>
		</shortcut>
	<shortcut>
		<defaultID>animation</defaultID>
		<label>Animation</label>
		<label2 />
		<icon>special://skin/extras/icons/folder.png</icon>
		<thumb>special://skin/extras/icons/girl2.png</thumb>
		<action>ActivateWindow(Videos,videodb://movies/tags/229/,return)</action>
		</shortcut>
	<shortcut>
		<defaultID />
		<label>A voir</label>
		<label2>Elément personnalisé</label2>
		<icon>DefaultShortcut.png</icon>
		<thumb>special://skin/extras/icons/trakttv.png</thumb>
		<action>ActivateWindow(Videos,"plugin://plugin.video.themoviedb.helper/?tmdb_type=movie&amp;list_name=Films+Watchlist&amp;info=trakt_watchlist&amp;sort_by=added&amp;sort_how=desc&amp;widget=true",return)</action>
		</shortcut>
	</shortcuts>
