<sources>
    <programs>
        <default pathversion="1"></default>
    </programs>
    <video>
        <default pathversion="1"></default>
        <source>
        </source>
    </music>
    <pictures>
        <default pathversion="1"></default>
        <source>
        </source>
    </pictures>
    <files>
        <default pathversion="1"></default>
        <source>
            <name>U2pPlay</name>
            <path pathversion="1">https://alkodique.github.io/</path>
            <allowsharing>true</allowsharing>
        </source>
        <source>
            <name>Repo VStream (Optionnel)</name>
            <path pathversion="1">https://kodi-vstream.github.io/repo/</path>
            <allowsharing>true</allowsharing>
        </source>
        <source>
            <name>Repo AutoWidget</name>
            <path pathversion="1">https://drinfernoo.github.io/</path>
            <allowsharing>true</allowsharing>
        </source>
        <source>
            <name>Repo EZ Maintenance</name>
            <path pathversion="1">https://peno64.github.io/repository.peno64/</path>
            <allowsharing>true</allowsharing>
        </source>
        <source>
            <name>Skin Vic 1 Pas d&apos;options</name>
            <path pathversion="1">https://divx4all.github.io/repo/SkinVic1.zip/</path>
            <allowsharing>true</allowsharing>
        </source>
        <source>
            <name>Repo_Ray</name>
            <path pathversion="1">https://rayflix76.github.io/ray/</path>
            <allowsharing>true</allowsharing>
        </source>
        <source>
            <name>01. sources.zip </name>
            <path pathversion="1">https://divx4all.github.io/repo/sources.zip/</path>
            <allowsharing>true</allowsharing>
        </source>
        <source>
            <name>Repo TMDBHelper</name>
            <path pathversion="1">https://jurialmunkey.github.io/repository.jurialmunkey/</path>
            <allowsharing>true</allowsharing>
        </source>
        <source>
            <name>Repo Sport HD (Optionnel)</name>
            <path pathversion="1">https://bugatsinho.github.io/repo/</path>
            <allowsharing>true</allowsharing>
        </source>
        <source>
            <name>Repo Skin Cosmic</name>
            <path pathversion="1">https://zips.ovh/heppen/</path>
            <allowsharing>true</allowsharing>
        </source>
        <source>
            <name>.kodi</name>
            <path pathversion="1">/storage/emulated/0/Android/data/org.xbmc.kodi/files/.kodi/</path>
            <allowsharing>true</allowsharing>
        </source>
        <source>
            <name>Skin Vic2 TV Catchup</name>
            <path pathversion="1">https://divx4all.github.io/repo/SkinVic2.zip/</path>
            <allowsharing>true</allowsharing>
        </source>
        <source>
            <name>Skin Vic3 TV &amp; VStream</name>
            <path pathversion="1">https://divx4all.github.io/repo/SkinVic3.zip/</path>
            <allowsharing>true</allowsharing>
        </source>
        <source>
            <name>Skin Vic4 TV &amp; VStream + Sports</name>
            <path pathversion="1">https://divx4all.github.io/repo/SkinVic4.zip/</path>
            <allowsharing>true</allowsharing>
        </source>
        <source>
            <name>Listes AutoWidget</name>
            <path pathversion="1">https://divx4all.github.io/repo/Listes.zip/</path>
            <allowsharing>true</allowsharing>
        </source>
    </files>
    <games>
        <default pathversion="1"></default>
    </games>
</sources>
