<sources>
    <programs>
        <default pathversion="1"></default>
    </programs>
    <video>
        <default pathversion="1"></default>
    </video>
    <music>
        <default pathversion="1"></default>
    </music>
    <pictures>
        <default pathversion="1"></default>
    </pictures>
    <files>
        <default pathversion="1"></default>
        <source>
            <name>U2pPlay</name>
            <path pathversion="1">https://divx4all.github.io/repo/U2PHK2.zip</path>
            <allowsharing>true</allowsharing>
        </source>
        <source>
            <name>Repo VStream</name>
            <path pathversion="1">https://kodi-vstream.github.io/repo/</path>
            <allowsharing>true</allowsharing>
        </source>
        <source>
            <name>Repo AutoWidget</name>
            <path pathversion="1">https://drinfernoo.github.io/</path>
            <allowsharing>true</allowsharing>
        </source>
        <source>
            <name>Repo EZ Maintenance</name>
            <path pathversion="1">https://peno64.github.io/repository.peno64/</path>
            <allowsharing>true</allowsharing>
        </source>
        <source>
            <name>Repo_Ray</name>
            <path pathversion="1">https://prf2.github.io/repo/</path>
            <allowsharing>true</allowsharing>
        </source>
        <source>
            <name>01. sources.zip </name>
            <path pathversion="1">https://divx4all.github.io/repo/sources.zip/</path>
            <allowsharing>true</allowsharing>
        </source>
        <source>
            <name>Repo TMDBHelper</name>
            <path pathversion="1">https://jurialmunkey.github.io/repository.jurialmunkey/</path>
            <allowsharing>true</allowsharing>
        </source>
        <source>
            <name>Repo Skin Cosmic</name>
            <path pathversion="1">https://zips.ovh/heppen/</path>
            <allowsharing>true</allowsharing>
        </source>
        <source>
            <name>.kodi</name>
            <path pathversion="1">/storage/emulated/0/Android/data/org.xbmc.kodi/files/.kodi/</path>
            <allowsharing>true</allowsharing>
        </source>
        <source>
            <name>Listes AutoWidget</name>
            <path pathversion="1">https://divx4all.github.io/repo/Listes.zip/</path>
            <allowsharing>true</allowsharing>
        </source>
        <source>
            <name>SkinVic5.zip</name>
            <path pathversion="1">https://divx4all.github.io/repo/SkinVic5.zip/</path>
            <allowsharing>true</allowsharing>
        </source>
    </files>
    <games>
        <default pathversion="1"></default>
    </games>
</sources>
