<sources>
    <programs>
        <default pathversion="1"></default>
    </programs>
    <video>
        <default pathversion="1"></default>
    </video>
    <music>
        <default pathversion="1"></default>
    </music>
    <pictures>
        <default pathversion="1"></default>
    </pictures>
    <files>
        <default pathversion="1"></default>
        <source>
            <name>U2pPlay</name>
            <path pathversion="1">https://alkodique.github.io/</path>
            <allowsharing>true</allowsharing>
        </source>
        <source>
            <name>heppen (Repo Skin Cosmic)</name>
            <path pathversion="1">https://zips.ovh/heppen/</path>
            <allowsharing>true</allowsharing>
        </source>
        <source>
            <name>Repo VStream</name>
            <path pathversion="1">https://kodi-vstream.github.io/repo/</path>
            <allowsharing>true</allowsharing>
        </source>
        <source>
            <name>Repo AutoWidget</name>
            <path pathversion="1">https://drinfernoo.github.io/</path>
            <allowsharing>true</allowsharing>
        </source>
        <source>
            <name>Repo EZ Maintenance</name>
            <path pathversion="1">https://peno64.github.io/repository.peno64/</path>
            <allowsharing>true</allowsharing>
        </source>
        <source>
            <name>CosmicAutoWidget.zip</name>
            <path pathversion="1">https://divx4all.github.io/repo/CosmicAutoWidget.zip</path>
            <allowsharing>true</allowsharing>
        </source>
        <source>
            <name>repo_rayflix</name>
            <path pathversion="1">https://rayflix76.github.io/repo_rayflix/</path>
            <allowsharing>true</allowsharing>
        </source>
        <source>
            <name>sources.zip</name>
            <path pathversion="1">https://github.com/divx4all/divx4all.github.io/raw/main/repo/sources.zip</path>
            <allowsharing>true</allowsharing>
        </source>
    </files>
    <games>
        <default pathversion="1"></default>
    </games>
</sources>
