<shortcuts>
	<shortcut>
		<defaultID />
		<label>Recherche Globale</label>
		<label2>Elément personnalisé</label2>
		<icon>DefaultShortcut.png</icon>
		<thumb>special://skin/extras/icons/search.png</thumb>
		<action>ActivateWindow(Videos,"plugin://plugin.video.sendtokodiU2P/?action=affSearch",return)</action>
		</shortcut>
	<shortcut>
		<defaultID>1036</defaultID>
		<label>1036</label>
		<label2>Elément de menu commun</label2>
		<icon>special://skin/extras/icons/favourites2.png</icon>
		<thumb>special://skin/extras/icons/top100.png</thumb>
		<action>ActivateWindow(Favourites)</action>
		</shortcut>
	<shortcut>
		<defaultID />
		<label>Mes Listes</label>
		<label2>Extensions Vidéo</label2>
		<icon>DefaultShortcut.png</icon>
		<thumb>special://skin/extras/icons/years.png</thumb>
		<action>ActivateWindow(Videos,"plugin://plugin.program.autowidget/?mode=group&amp;refresh=&amp;reload=",return)</action>
		</shortcut>
	<shortcut>
		<defaultID />
		<label>Trakt</label>
		<label2>Elément personnalisé</label2>
		<icon>DefaultShortcut.png</icon>
		<thumb>special://skin/extras/icons/trakttv.png</thumb>
		<action>ActivateWindow(Videos,"plugin://plugin.program.autowidget/?mode=group&amp;group=trakt-1650391067.0898125&amp;refresh=&amp;reload=",return)</action>
		</shortcut>
	<shortcut>
		<defaultID />
		<label>Marque-pages [COLOR lightcoral]PasteB.[/COLOR]</label>
		<label2>Extensions Vidéo</label2>
		<icon>DefaultShortcut.png</icon>
		<thumb>special://skin/extras/icons/bookmark-star.png</thumb>
		<action>ActivateWindow(Videos,"plugin://plugin.video.vstream/?site=cFav&amp;function=getBookmarks&amp;title=Marque-pages&amp;siteUrl=http%3A%2F%2Fvenom&amp;sFav=getBookmarks",return)</action>
		</shortcut>
	<shortcut>
		<defaultID />
		<label>Films En Cours [COLOR yellow]U2pP[/COLOR]</label>
		<label2>Elément personnalisé</label2>
		<icon>DefaultShortcut.png</icon>
		<thumb>special://skin/extras/icons/film.png</thumb>
		<action>ActivateWindow(Videos,"plugin://plugin.video.sendtokodiU2P/?action=MenuFilm&amp;famille=Last+View",return)</action>
		</shortcut>
	<shortcut>
		<defaultID>plugin.video.vstream</defaultID>
		<label>Séries En Cours [COLOR yellow]U2pP[/COLOR]</label>
		<label2>Elément personnalisé</label2>
		<icon>DefaultShortcut.png</icon>
		<thumb>special://skin/extras/icons/tv.png</thumb>
		<action>ActivateWindow(Videos,"plugin://plugin.video.sendtokodiU2P/?action=MenuSerie&amp;famille=Last+View",return)</action>
		</shortcut>
	<shortcut>
		<defaultID />
		<label>Audio Book [COLOR yellow]U2pP[/COLOR]</label>
		<label2>Extensions Vidéo</label2>
		<icon>DefaultShortcut.png</icon>
		<thumb>special://skin/extras/icons/book.png</thumb>
		<action>ActivateWindow(Videos,"plugin://plugin.video.sendtokodiU2P/?action=MenuAudio",return)</action>
		</shortcut>
	<shortcut>
		<defaultID>744</defaultID>
		<label>Fichiers Local</label>
		<label2>Elément personnalisé</label2>
		<icon>special://skin/extras/icons/folder.png</icon>
		<thumb>special://skin/extras/icons/folder.png</thumb>
		<action>ActivateWindow(Videos,sources://video/,return)</action>
		</shortcut>
	<shortcut>
		<defaultID />
		<label>Musique Local</label>
		<label2>Elément personnalisé</label2>
		<icon>DefaultShortcut.png</icon>
		<thumb>special://skin/extras/icons/folder.png</thumb>
		<action>ActivateWindow(music,sources://music/,return)</action>
		</shortcut>
	<shortcut>
		<defaultID>videos</defaultID>
		<label>Actualiser Affichage</label>
		<label2>Elément personnalisé</label2>
		<icon>special://skin/extras/icons/video.png</icon>
		<thumb>special://skin/extras/icons/pictures.png</thumb>
		<action>reloadskin()</action>
		</shortcut>
	<shortcut>
		<defaultID />
		<label>Mise à Jour Médiatheque HK</label>
		<label2>Elément personnalisé</label2>
		<icon>DefaultShortcut.png</icon>
		<thumb>special://skin/extras/icons/update.png</thumb>
		<action>PlayMedia("plugin://plugin.video.sendtokodiU2P/?action=maj")</action>
		<disabled>True</disabled>
		</shortcut>
	<shortcut>
		<defaultID />
		<label>[COLOR lightcoral]Forcer la mise à jour des contenus[/COLOR]</label>
		<label2>Extensions Vidéo</label2>
		<icon>DefaultShortcut.png</icon>
		<thumb>image://special%3a%2f%2fhome%2faddons%2fplugin.video.vstream%2fresources%2fart%2fdownload.png/</thumb>
		<action>ActivateWindow(Videos,"plugin://plugin.video.vstream/?site=pastebin&amp;function=refreshAllPaste&amp;title=Forcer+la+mise+%C3%A0+jour+des+contenus&amp;sFav=refreshAllPaste",return)</action>
		</shortcut>
	</shortcuts>
