<shortcuts>
	<shortcut>
		<defaultID />
		<label>Films d'animation récents</label>
		<label2>Extensions Vidéo</label2>
		<icon>DefaultShortcut.png</icon>
		<thumb>image://special%3a%2f%2fhome%2faddons%2fplugin.video.sendtokodiU2P%2fresources%2fpng%2ffilm.png/</thumb>
		<action>ActivateWindow(Videos,"plugin://plugin.video.sendtokodiU2P/?action=mediasHKFilms&amp;famille=specialWid&amp;nomListe=Films+d%27animation+r%C3%A9cents&amp;typM=movie",return)</action>
		</shortcut>
	<shortcut>
		<defaultID />
		<label>Films famille récents</label>
		<label2>Extensions Vidéo</label2>
		<icon>DefaultShortcut.png</icon>
		<thumb>image://special%3a%2f%2fhome%2faddons%2fplugin.video.sendtokodiU2P%2fresources%2fpng%2ffilm.png/</thumb>
		<action>ActivateWindow(Videos,"plugin://plugin.video.sendtokodiU2P/?action=mediasHKFilms&amp;famille=specialWid&amp;nomListe=Films+famille+r%C3%A9cents&amp;typM=movie",return)</action>
		</shortcut>
	<shortcut>
		<defaultID />
		<label>Séries d'animation récentes</label>
		<label2>Extensions Vidéo</label2>
		<icon>DefaultShortcut.png</icon>
		<thumb>image://special%3a%2f%2fhome%2faddons%2fplugin.video.sendtokodiU2P%2fresources%2fpng%2fserie.png/</thumb>
		<action>ActivateWindow(Videos,"plugin://plugin.video.sendtokodiU2P/?action=mediasHKSeries&amp;famille=specialWid&amp;nomListe=S%C3%A9ries+d%27animation+r%C3%A9centes&amp;typM=tvshow",return)</action>
		</shortcut>
	</shortcuts>
