<shortcuts>
	<shortcut>
		<defaultID />
		<label>Recherche</label>
		<label2>Elément personnalisé</label2>
		<icon>DefaultShortcut.png</icon>
		<thumb>special://skin/extras/icons/search.png</thumb>
		<action>ActivateWindow(Videos,"plugin://plugin.video.sendtokodiU2P/?action=affSearch",return)</action>
		</shortcut>
	<shortcut>
		<defaultID />
		<label>Spectacles</label>
		<label2>Elément personnalisé</label2>
		<icon>DefaultShortcut.png</icon>
		<thumb>special://skin/extras/icons/genres.png</thumb>
		<action>ActivateWindow(Videos,"plugin://plugin.video.sendtokodiU2P/?action=mediasHKFilms&amp;famille=spectacle&amp;offset=0",return)</action>
		</shortcut>
	<shortcut>
		<defaultID />
		<label>Humoristes</label>
		<label2>Elément personnalisé</label2>
		<icon>DefaultShortcut.png</icon>
		<thumb>special://skin/extras/icons/funimation.png</thumb>
		<action>ActivateWindow(Videos,"plugin://plugin.video.sendtokodiU2P/?action=mediasHKFilms&amp;famille=groupes&amp;offset=0&amp;nom=humoristes",return)</action>
		</shortcut>
	<shortcut>
		<defaultID />
		<label>Concert</label>
		<label2>Extensions Vidéo</label2>
		<icon>DefaultShortcut.png</icon>
		<thumb>special://skin/extras/icons/dj.png</thumb>
		<action>ActivateWindow(Videos,"plugin://plugin.video.sendtokodiU2P/?action=mediasHKFilms&amp;famille=groupes&amp;offset=0&amp;nom=concert",return)</action>
		</shortcut>
	<shortcut>
		<defaultID />
		<label>Théatre</label>
		<label2>Elément personnalisé</label2>
		<icon>DefaultShortcut.png</icon>
		<thumb>special://skin/extras/icons/genre.png</thumb>
		<action>ActivateWindow(Videos,"plugin://plugin.video.sendtokodiU2P/?action=mediasHKFilms&amp;famille=groupes&amp;offset=0&amp;nom=theatre",return)</action>
		</shortcut>
	<shortcut>
		<defaultID />
		<label>Documentaires [COLORorange]Films[/COLOR]</label>
		<label2>Extensions Vidéo</label2>
		<icon>DefaultShortcut.png</icon>
		<thumb>special://skin/extras/icons/video-addons.png</thumb>
		<action>ActivateWindow(Videos,"plugin://plugin.video.sendtokodiU2P/?action=mediasHKFilms&amp;famille=docu&amp;offset=0",return)</action>
		</shortcut>
	<shortcut>
		<defaultID />
		<label>Documentaires [COLORorange]Nouveauté[/COLOR]</label>
		<label2>Elément personnalisé</label2>
		<icon>DefaultShortcut.png</icon>
		<thumb>special://skin/extras/icons/cinemavision.png</thumb>
		<action>ActivateWindow(Videos,"plugin://plugin.video.sendtokodiU2P/?action=mediasHKFilms&amp;famille=groupes&amp;offset=0&amp;nom=doc+films+news",return)</action>
		</shortcut>
	<shortcut>
		<defaultID />
		<label>Documentaires [COLORorange]Series[/COLOR]</label>
		<label2>Elément personnalisé</label2>
		<icon>DefaultShortcut.png</icon>
		<thumb>special://skin/extras/icons/Groupes Contrib.png</thumb>
		<action>ActivateWindow(Videos,"plugin://plugin.video.sendtokodiU2P/?action=mediasHKSeries&amp;famille=genres&amp;typgenre=Documentaire&amp;offset=0&amp;limit=500",return)</action>
		</shortcut>
	<shortcut>
		<defaultID />
		<label>Emissions TV</label>
		<label2>Elément personnalisé</label2>
		<icon>DefaultShortcut.png</icon>
		<thumb>special://skin/extras/icons/lazytv.png</thumb>
		<action>ActivateWindow(Videos,"plugin://plugin.video.sendtokodiU2P/?action=mediasHKSeries&amp;famille=groupes&amp;offset=0&amp;nom=emmissions+tv",return)</action>
		</shortcut>
	<shortcut>
		<defaultID />
		<label>Chaines Documentaires</label>
		<label2>Elément personnalisé</label2>
		<icon>DefaultShortcut.png</icon>
		<thumb>special://skin/extras/icons/antenna.png</thumb>
		<action>ActivateWindow(Videos,"plugin://plugin.program.autowidget/?mode=group&amp;group=documentaires_%28chaines%29-1647599679.5092082&amp;refresh=&amp;reload=",return)</action>
		</shortcut>
	</shortcuts>
