<shortcuts>
	<shortcut>
		<defaultID />
		<label>Séries d'animation récentes</label>
		<label2>Extensions Vidéo</label2>
		<icon>DefaultShortcut.png</icon>
		<thumb>image://special%3a%2f%2fhome%2faddons%2fplugin.video.sendtokodiU2P%2fresources%2fpng%2fserie.png/</thumb>
		<action>ActivateWindow(Videos,"plugin://plugin.video.sendtokodiU2P/?action=mediasHKSeries&amp;famille=specialWid&amp;nomListe=S%C3%A9ries+d%27animation+r%C3%A9centes&amp;typM=tvshow",return)</action>
		</shortcut>
	<shortcut>
		<defaultID />
		<label>Kids</label>
		<label2>Extensions Vidéo</label2>
		<icon>DefaultShortcut.png</icon>
		<thumb>image://special%3a%2f%2fhome%2faddons%2fplugin.video.sendtokodiU2P%2fresources%2fpng%2fgenre%2fKids.png/</thumb>
		<action>ActivateWindow(Videos,"plugin://plugin.video.sendtokodiU2P/?action=mediasHKSeries&amp;famille=genres&amp;typgenre=Kids&amp;offset=0&amp;limit=500",return)</action>
		</shortcut>
	<shortcut>
		<defaultID />
		<label>Serie jeunes ados</label>
		<label2>Extensions Vidéo</label2>
		<icon>DefaultShortcut.png</icon>
		<thumb>image://special%3a%2f%2fhome%2faddons%2fplugin.video.sendtokodiU2P%2fresources%2fpng%2fliste.png/</thumb>
		<action>ActivateWindow(Videos,"plugin://plugin.video.sendtokodiU2P/?action=mediasHKSeries&amp;famille=groupes&amp;offset=0&amp;nom=serie+jeunes+ados",return)</action>
		</shortcut>
	</shortcuts>
