<shortcuts>
	<shortcut>
		<defaultID />
		<label>Accueil</label>
		<label2>Extensions Vidéo</label2>
		<icon>DefaultShortcut.png</icon>
		<thumb>special://skin/extras/icons/home.png</thumb>
		<action>ActivateWindow(Videos,"plugin://plugin.video.sendtokodiU2P/?action=movies",return)</action>
		</shortcut>
	<shortcut>
		<defaultID />
		<label>[COLOR yellow]Mon Uptobox[/COLOR]</label>
		<label2>Extensions Vidéo</label2>
		<icon>DefaultShortcut.png</icon>
		<thumb>special://skin/extras/icons/upto.png</thumb>
		<action>ActivateWindow(Videos,"plugin://plugin.video.sendtokodiU2P/?action=affUpto",return)</action>
		</shortcut>
	<shortcut>
		<defaultID />
		<label>[COLOR lightcoral]Pastebin[/COLOR]</label>
		<label2>Elément personnalisé</label2>
		<icon>DefaultShortcut.png</icon>
		<thumb>special://skin/extras/icons/pastebin.png</thumb>
		<action>ActivateWindow(Videos,"plugin://plugin.video.vstream/?site=pastebin&amp;function=load&amp;title=PasteBin&amp;siteUrl=http%3A%2F%2Fvenom&amp;sFav=load",return)</action>
		<disabled>True</disabled>
		</shortcut>
	<shortcut>
		<defaultID />
		<label>Films</label>
		<label2>Vidéos</label2>
		<icon>DefaultShortcut.png</icon>
		<thumb>special://skin/extras/icons/film.png</thumb>
		<action>ActivateWindow(Videos,"library://video/movies/",return)</action>
		<disabled>True</disabled>
		</shortcut>
	<shortcut>
		<defaultID />
		<label>Séries TV</label>
		<label2>Vidéos</label2>
		<icon>DefaultShortcut.png</icon>
		<thumb>special://skin/extras/icons/lazytv.png</thumb>
		<action>ActivateWindow(Videos,"library://video/tvshows/",return)</action>
		<disabled>True</disabled>
		</shortcut>
	<shortcut>
		<defaultID />
		<label>TV</label>
		<label2>Extensions Vidéo</label2>
		<icon>DefaultShortcut.png</icon>
		<thumb>special://skin/extras/icons/tvguide.png</thumb>
		<action>ActivateWindow(Videos,"plugin://plugin.video.catchuptvandmore/resources/lib/main/tv_guide_menu/?_pickle_=80049538000000000000007d94288c075f7469746c655f948c064672616e6365948c08786d6c74765f6964944e8c076974656d5f6964948c0766725f6c69766594752e",return)</action>
		</shortcut>
	<shortcut>
		<defaultID />
		<label>Films [COLOR lightcoral]PasteB.[/COLOR]</label>
		<label2>Elément personnalisé</label2>
		<icon>DefaultShortcut.png</icon>
		<thumb>special://skin/extras/icons/film.png</thumb>
		<action>ActivateWindow(Videos,"plugin://plugin.video.vstream/?site=pastebin&amp;function=showMenuFilms&amp;title=Films&amp;siteUrl=https%3A%2F%2Fpastebin.com%2Fraw%2F%26numPage%3D1%26sMedia%3Dfilm&amp;sFav=showMenuFilms",return)</action>
		</shortcut>
	<shortcut>
		<defaultID />
		<label>Séries [COLOR lightcoral]PasteB.[/COLOR]</label>
		<label2>Elément personnalisé</label2>
		<icon>DefaultShortcut.png</icon>
		<thumb>special://skin/extras/icons/tv.png</thumb>
		<action>ActivateWindow(Videos,"plugin://plugin.video.vstream/?site=pastebin&amp;function=showMenuTvShows&amp;title=S%C3%A9ries&amp;sFav=showMenuTvShows",return)</action>
		</shortcut>
	<shortcut>
		<defaultID />
		<label>[COLOR lightcoral]Docs, Spectacles, Concerts[/COLOR]</label>
		<label2>Elément personnalisé</label2>
		<icon>DefaultShortcut.png</icon>
		<thumb>special://skin/extras/icons/genre.png</thumb>
		<action>ActivateWindow(Videos,"plugin://plugin.video.vstream/?site=pastebin&amp;function=showMenu&amp;title=4+Docs&amp;pasteID=4",return)</action>
		</shortcut>
	<shortcut>
		<defaultID />
		<label>Enfants [COLOR lightcoral]PasteB.[/COLOR]</label>
		<label2>Extensions Vidéo</label2>
		<icon>DefaultShortcut.png</icon>
		<thumb>special://skin/extras/icons/castle2.png</thumb>
		<action>ActivateWindow(Videos,"plugin://plugin.video.vstream/?site=pastebin&amp;function=showMenu&amp;title=Divx4all+DA&amp;pasteID=17",return)</action>
		</shortcut>
	<shortcut>
		<defaultID />
		<label>Mangas [COLOR lightcoral]PasteB.[/COLOR]</label>
		<label2>Elément personnalisé</label2>
		<icon>DefaultShortcut.png</icon>
		<thumb>special://skin/extras/icons/mangas.png</thumb>
		<action>ActivateWindow(Videos,"plugin://plugin.video.vstream/?site=pastebin&amp;function=showMenuMangas&amp;title=Animes&amp;sFav=showMenuMangas",return)</action>
		</shortcut>
	<shortcut>
		<defaultID />
		<label>Films [COLOR yellow]U2p[/COLOR]</label>
		<label2>Extensions Vidéo</label2>
		<icon>DefaultShortcut.png</icon>
		<thumb>special://skin/extras/icons/movie.png</thumb>
		<action>ActivateWindow(Videos,"plugin://plugin.video.sendtokodiU2P/?action=MenuFilm",return)</action>
		</shortcut>
	<shortcut>
		<defaultID />
		<label>Series [COLOR yellow]U2p[/COLOR]</label>
		<label2>Elément personnalisé</label2>
		<icon>DefaultShortcut.png</icon>
		<thumb>special://skin/extras/icons/tv.png</thumb>
		<action>ActivateWindow(Videos,"plugin://plugin.video.sendtokodiU2P/?action=MenuSerie",return)</action>
		</shortcut>
	<shortcut>
		<defaultID />
		<label>[COLOR yellow]Docs Spectacle Concert[/COLOR]</label>
		<label2>Elément personnalisé</label2>
		<icon>DefaultShortcut.png</icon>
		<thumb>special://skin/extras/icons/genre.png</thumb>
		<action>noop</action>
		</shortcut>
	<shortcut>
		<defaultID>series-colorlightcoral-dossiers-color</defaultID>
		<label>[COLOR yellow]Enfants[/COLOR]</label>
		<label2>Elément personnalisé</label2>
		<icon>special://skin/extras/icons/folder.png</icon>
		<thumb>special://skin/extras/icons/castle2.png</thumb>
		<action>NOOP</action>
		</shortcut>
	<shortcut>
		<defaultID />
		<label>[COLOR yellow]Manga[/COLOR]</label>
		<label2>Elément personnalisé</label2>
		<icon>DefaultShortcut.png</icon>
		<thumb>special://skin/extras/icons/mangas.png</thumb>
		<action>noop</action>
		</shortcut>
	<shortcut>
		<defaultID />
		<label>Divers</label>
		<label2>Elément personnalisé</label2>
		<icon>DefaultShortcut.png</icon>
		<thumb>special://skin/extras/icons/addon.png</thumb>
		<action>noop</action>
		</shortcut>
	<shortcut>
		<defaultID>13009</defaultID>
		<label>13009</label>
		<label2>Elément personnalisé</label2>
		<icon>special://skin/extras/icons/power.png</icon>
		<thumb>special://skin/extras/icons/logout.png</thumb>
		<action>ActivateWindow(shutdownmenu)</action>
		</shortcut>
	</shortcuts>
