<shortcuts>
	<shortcut>
		<defaultID />
		<label>Animes récents [COLORorange]Films[/COLOR]</label>
		<label2>Extensions Vidéo</label2>
		<icon>DefaultShortcut.png</icon>
		<thumb>special://skin/extras/icons/new.png</thumb>
		<action>ActivateWindow(Videos,"plugin://plugin.video.sendtokodiU2P/?action=mediasHKFilms&amp;famille=specialWid&amp;nomListe=Animes+r%C3%A9cents&amp;typM=movie",return)</action>
		</shortcut>
	<shortcut>
		<defaultID />
		<label>Animes populaires [COLORorange]Films[/COLOR]</label>
		<label2>Extensions Vidéo</label2>
		<icon>DefaultShortcut.png</icon>
		<thumb>special://skin/extras/icons/ribbon.png</thumb>
		<action>ActivateWindow(Videos,"plugin://plugin.video.sendtokodiU2P/?action=mediasHKFilms&amp;famille=specialWid&amp;nomListe=Animes+populaires&amp;typM=movie",return)</action>
		</shortcut>
	<shortcut>
		<defaultID />
		<label>Listes Animes [COLORorange]Films[/COLOR]</label>
		<label2>Elément personnalisé</label2>
		<icon>DefaultShortcut.png</icon>
		<thumb>special://skin/extras/icons/Groupes Contrib.png</thumb>
		<action>noop</action>
		</shortcut>
	<shortcut>
		<defaultID />
		<label>Animes récents [COLORorange]Series[/COLOR]</label>
		<label2>Extensions Vidéo</label2>
		<icon>DefaultShortcut.png</icon>
		<thumb>special://skin/extras/icons/new.png</thumb>
		<action>ActivateWindow(Videos,"plugin://plugin.video.sendtokodiU2P/?action=mediasHKSeries&amp;famille=specialWid&amp;nomListe=Animes+r%C3%A9cents&amp;typM=tvshow",return)</action>
		</shortcut>
	<shortcut>
		<defaultID />
		<label>Animes populaires [COLORorange]Series[/COLOR]</label>
		<label2>Extensions Vidéo</label2>
		<icon>DefaultShortcut.png</icon>
		<thumb>special://skin/extras/icons/ribbon.png</thumb>
		<action>ActivateWindow(Videos,"plugin://plugin.video.sendtokodiU2P/?action=mediasHKSeries&amp;famille=specialWid&amp;nomListe=Animes+populaires&amp;typM=tvshow",return)</action>
		</shortcut>
	<shortcut>
		<defaultID />
		<label>Fankai</label>
		<label2>Extensions Vidéo</label2>
		<icon>DefaultShortcut.png</icon>
		<thumb>special://skin/extras/icons/FANKAI.png</thumb>
		<action>ActivateWindow(Videos,"plugin://plugin.video.sendtokodiU2P/?action=folderPub&amp;offset=0&amp;typM=divers&amp;repo=fankai",return)</action>
		</shortcut>
	<shortcut>
		<defaultID />
		<label>Listes Animes [COLORorange]Series[/COLOR]</label>
		<label2>Elément personnalisé</label2>
		<icon>DefaultShortcut.png</icon>
		<thumb>special://skin/extras/icons/Groupes Contrib.png</thumb>
		<action>noop</action>
		</shortcut>
	<shortcut>
		<defaultID />
		<label>Diffuseurs Animes</label>
		<label2>Elément personnalisé</label2>
		<icon>DefaultShortcut.png</icon>
		<thumb>special://skin/extras/icons/crunchyroll.png</thumb>
		<action>noop</action>
		</shortcut>
	</shortcuts>
