<shortcuts>
	<shortcut>
		<defaultID>744</defaultID>
		<label>744</label>
		<label2>Vidéos</label2>
		<icon>DefaultFolder.png</icon>
		<thumb />
		<action>ActivateWindow(Videos,Files,return)</action>
		</shortcut>
	<shortcut>
		<defaultID>136</defaultID>
		<label>136</label>
		<label2>item</label2>
		<icon>special://skin/extras/icons/playlist.png</icon>
		<thumb />
		<action>ActivateWindow(Videos,special://videoplaylists/,return)</action>
		</shortcut>
	<shortcut>
		<defaultID>1037</defaultID>
		<label>1037</label>
		<label2>Vidéos</label2>
		<icon>DefaultAddonVideo.png</icon>
		<thumb />
		<action>ActivateWindow(Videos,Addons,return)</action>
		</shortcut>
	</shortcuts>
